scope,model,fold_id,series_id,horizon_band,n_forecasts,rmsse,wape,mae,rmse
series_fold,global_lightgbm_recursive,F1,FOODS_CA_1,,28,0.2926207225594134,0.04912876223149975,141.11710571402966,180.8454162326372
series_fold,global_lightgbm_recursive,F1,FOODS_CA_2,,28,0.6231039948987737,0.07206966957230768,198.8222009326038,266.99395955755455
series_fold,global_lightgbm_recursive,F1,FOODS_CA_3,,28,0.6381462639540905,0.08206111218973759,338.2705582161322,417.72506620755206
series_fold,global_lightgbm_recursive,F1,FOODS_CA_4,,28,0.5826536554436295,0.06752205226758096,108.35601337640055,134.84386155995034
series_fold,global_lightgbm_recursive,F1,FOODS_TX_1,,28,0.2648651627102862,0.04706047348480252,94.07220576492435,112.57208365491338
series_fold,global_lightgbm_recursive,F1,FOODS_TX_2,,28,0.4612703886077419,0.0726814858446735,199.42761408837768,254.76747695102276
series_fold,global_lightgbm_recursive,F1,FOODS_TX_3,,28,0.5341178630355062,0.07118535424866018,178.67778149821737,222.53223757388025
series_fold,global_lightgbm_recursive,F1,FOODS_WI_1,,28,0.5115164812972621,0.07468272730965361,196.70363477258337,236.0729584173916
series_fold,global_lightgbm_recursive,F1,FOODS_WI_2,,28,0.9683928668070259,0.11705157631965482,436.99115812223135,571.4562433476048
series_fold,global_lightgbm_recursive,F1,FOODS_WI_3,,28,0.5383309064502773,0.08285926779692605,240.484228482757,303.2514278301604
series_fold,global_lightgbm_recursive,F1,HOBBIES_CA_1,,28,0.5967994724694038,0.11236906334248557,59.64790673069154,74.54573751650052
series_fold,global_lightgbm_recursive,F1,HOBBIES_CA_2,,28,0.6326611881152991,0.12653692106815084,49.860066076603864,67.2448980293249
series_fold,global_lightgbm_recursive,F1,HOBBIES_CA_3,,28,0.7774847582466221,0.12778436419051717,75.56619650952084,93.65862797339757
series_fold,global_lightgbm_recursive,F1,HOBBIES_CA_4,,28,0.8819861791209168,0.15581466519542522,59.5100724857099,68.94212404734556
series_fold,global_lightgbm_recursive,F1,HOBBIES_TX_1,,28,0.7478465728768922,0.13763905995610112,39.34019274388133,53.24246892134986
series_fold,global_lightgbm_recursive,F1,HOBBIES_TX_2,,28,0.47901489452217333,0.09081227345768879,33.95081709125308,43.08827162533901
series_fold,global_lightgbm_recursive,F1,HOBBIES_TX_3,,28,0.667707046328647,0.08826443185667614,35.56110913482727,48.06445805803223
series_fold,global_lightgbm_recursive,F1,HOBBIES_WI_1,,28,0.400576896969131,0.10413012761185529,41.96444142757768,50.2055018630217
series_fold,global_lightgbm_recursive,F1,HOBBIES_WI_2,,28,0.9259464715557877,0.17666217332753514,49.95753887169369,58.049172037502196
series_fold,global_lightgbm_recursive,F1,HOBBIES_WI_3,,28,0.4559002058538271,0.10337303653982312,27.275714069864758,34.17079758309098
series_fold,global_lightgbm_recursive,F1,HOUSEHOLD_CA_1,,28,0.4954160178869495,0.06583371150648966,64.81799138610381,93.25145143592474
series_fold,global_lightgbm_recursive,F1,HOUSEHOLD_CA_2,,28,0.594350679345211,0.10076544470737125,105.88648855803515,151.78519350518127
series_fold,global_lightgbm_recursive,F1,HOUSEHOLD_CA_3,,28,0.5500399382286357,0.05898221681961626,100.16865622165687,148.16925966108388
series_fold,global_lightgbm_recursive,F1,HOUSEHOLD_CA_4,,28,0.6485741699084638,0.06816248041222453,33.4848185025053,43.277835754922776
series_fold,global_lightgbm_recursive,F1,HOUSEHOLD_TX_1,,28,0.5764896465082291,0.07753993438987618,73.98417454142614,94.3219399547455
series_fold,global_lightgbm_recursive,F1,HOUSEHOLD_TX_2,,28,0.5587663029439147,0.07653263050207626,83.11443672525482,106.77461488118804
series_fold,global_lightgbm_recursive,F1,HOUSEHOLD_TX_3,,28,0.7802088013801562,0.09061303716716759,91.23114752784363,118.19036677672646
series_fold,global_lightgbm_recursive,F1,HOUSEHOLD_WI_1,,28,0.5466704371504154,0.08611995280241047,65.01748865321983,85.51971838323985
series_fold,global_lightgbm_recursive,F1,HOUSEHOLD_WI_2,,28,1.863671678463121,0.19784523904325335,263.3602767721478,340.19702218532575
series_fold,global_lightgbm_recursive,F1,HOUSEHOLD_WI_3,,28,0.7412847137044828,0.09709570405056678,81.49797273558644,113.64103909007271
series_fold,global_lightgbm_recursive,F2,FOODS_CA_1,,28,0.4452161592237768,0.06968535384302212,207.7494611445097,274.9359265767092
series_fold,global_lightgbm_recursive,F2,FOODS_CA_2,,28,1.4476740953569285,0.120390138987838,327.1258055168818,628.3203753806049
series_fold,global_lightgbm_recursive,F2,FOODS_CA_3,,28,0.5433829363490341,0.06973329838505027,287.36096074502285,355.26110975108423
series_fold,global_lightgbm_recursive,F2,FOODS_CA_4,,28,0.7523955566706396,0.08149548911551174,140.1722412786802,174.46107108493962
series_fold,global_lightgbm_recursive,F2,FOODS_TX_1,,28,0.5961352707387546,0.08925482687239213,183.75337482353729,252.65175970962545
series_fold,global_lightgbm_recursive,F2,FOODS_TX_2,,28,0.5395243657460869,0.08535305238659122,234.09903611002352,297.4569154962501
series_fold,global_lightgbm_recursive,F2,FOODS_TX_3,,28,0.7193419431365374,0.10113536747182626,255.0886806058138,299.81302852958305
series_fold,global_lightgbm_recursive,F2,FOODS_WI_1,,28,0.7406022417037929,0.07640449316238364,203.45152163193436,343.92352938188213
series_fold,global_lightgbm_recursive,F2,FOODS_WI_2,,28,0.810982354892997,0.10518267501890238,404.01792431992754,479.5274652293699
series_fold,global_lightgbm_recursive,F2,FOODS_WI_3,,28,0.494175250773369,0.072435448828811,208.6296145088676,278.80012567137123
series_fold,global_lightgbm_recursive,F2,HOBBIES_CA_1,,28,0.7053061068569959,0.1311004728601995,66.21510311389076,87.96142421143853
series_fold,global_lightgbm_recursive,F2,HOBBIES_CA_2,,28,0.8171993174186691,0.14246172682948388,55.65674392099015,87.15472838822228
series_fold,global_lightgbm_recursive,F2,HOBBIES_CA_3,,28,0.5378671224719384,0.09227502908603984,53.59531421522378,64.92187568107308
series_fold,global_lightgbm_recursive,F2,HOBBIES_CA_4,,28,0.8949110434217721,0.1310234976365255,47.74870606725379,70.25804391506819
series_fold,global_lightgbm_recursive,F2,HOBBIES_TX_1,,28,0.5154723239325281,0.10869423193908795,29.514365908317348,36.904935521742885
series_fold,global_lightgbm_recursive,F2,HOBBIES_TX_2,,28,0.692820258440929,0.13438252589406113,48.8960419217391,62.057923908994745
series_fold,global_lightgbm_recursive,F2,HOBBIES_TX_3,,28,0.8960784062245177,0.1361502070732902,50.288051483998835,64.5440028031287
series_fold,global_lightgbm_recursive,F2,HOBBIES_WI_1,,28,0.6804163794159963,0.1616546796673009,65.52787907942376,85.56650522063244
series_fold,global_lightgbm_recursive,F2,HOBBIES_WI_2,,28,0.6906979373229988,0.11467060580623363,31.67775485397204,43.29741975660929
series_fold,global_lightgbm_recursive,F2,HOBBIES_WI_3,,28,0.5417929888251831,0.1165229444791025,29.834035320381638,40.560521404712105
series_fold,global_lightgbm_recursive,F2,HOUSEHOLD_CA_1,,28,0.49243650345724294,0.07019972775649994,69.2695813637263,93.06211588330947
series_fold,global_lightgbm_recursive,F2,HOUSEHOLD_CA_2,,28,0.9141073582071333,0.14223788431644882,143.6602631596133,234.66719971698203
series_fold,global_lightgbm_recursive,F2,HOUSEHOLD_CA_3,,28,0.4995847124343784,0.05685951528671888,100.19052732914771,134.5799935648066
series_fold,global_lightgbm_recursive,F2,HOUSEHOLD_CA_4,,28,0.7370755581382641,0.07266615526245705,37.66183018459917,49.22387726414939
series_fold,global_lightgbm_recursive,F2,HOUSEHOLD_TX_1,,28,0.5223035145533086,0.0700788024218307,68.61215319971669,85.52641942087293
series_fold,global_lightgbm_recursive,F2,HOUSEHOLD_TX_2,,28,0.4554763689208049,0.06955385892999548,72.55461112954671,87.17819062809686
series_fold,global_lightgbm_recursive,F2,HOUSEHOLD_TX_3,,28,0.6698661925516571,0.07770453358125114,75.09310622053837,101.54475047634598
series_fold,global_lightgbm_recursive,F2,HOUSEHOLD_WI_1,,28,0.5205528154570028,0.09029294211743026,66.17505232827808,82.18374492055936
series_fold,global_lightgbm_recursive,F2,HOUSEHOLD_WI_2,,28,1.0556755036390786,0.148598515345635,172.38489198060415,194.12548727877902
series_fold,global_lightgbm_recursive,F2,HOUSEHOLD_WI_3,,28,0.6628509878686174,0.09294238095062837,75.57543319585382,102.11611486440367
series_fold,global_lightgbm_recursive,F3,FOODS_CA_1,,28,0.3091221055710529,0.050443742182689134,152.5346701115687,191.30431254090618
series_fold,global_lightgbm_recursive,F3,FOODS_CA_2,,28,0.5898635314218649,0.07127123017650558,208.03563008306432,259.7145856474687
series_fold,global_lightgbm_recursive,F3,FOODS_CA_3,,28,0.5283655172195492,0.07789877850417383,308.9382092498566,345.4725741539073
series_fold,global_lightgbm_recursive,F3,FOODS_CA_4,,28,0.4686888093278841,0.04801073273201786,82.90596208306413,108.61459220871821
series_fold,global_lightgbm_recursive,F3,FOODS_TX_1,,28,0.4655994998203731,0.07135807064901456,149.68374719640073,196.85707051305445
series_fold,global_lightgbm_recursive,F3,FOODS_TX_2,,28,0.6317750096630268,0.11282902416651754,289.5112167952721,347.5154031007536
series_fold,global_lightgbm_recursive,F3,FOODS_TX_3,,28,0.5473010779444069,0.0756808440709577,185.55050945097054,227.3975983451454
series_fold,global_lightgbm_recursive,F3,FOODS_WI_1,,28,0.4226041511583144,0.05878165821308512,155.04292157182053,199.0611220957178
series_fold,global_lightgbm_recursive,F3,FOODS_WI_2,,28,0.7651784627060014,0.08887196232975318,353.26605026076885,454.5951798983058
series_fold,global_lightgbm_recursive,F3,FOODS_WI_3,,28,0.30070104506462003,0.04883101211101611,140.83561478704345,169.76741976492522
series_fold,global_lightgbm_recursive,F3,HOBBIES_CA_1,,28,0.8011288941436496,0.15053561269579097,80.92902063963363,100.48417441465003
series_fold,global_lightgbm_recursive,F3,HOBBIES_CA_2,,28,0.5755409849749524,0.12151661778908601,50.54657312105303,61.45466929649553
series_fold,global_lightgbm_recursive,F3,HOBBIES_CA_3,,28,0.6375970018018315,0.10130571737313188,58.03008574813079,76.93920471793835
series_fold,global_lightgbm_recursive,F3,HOBBIES_CA_4,,28,0.814068916106016,0.1330374964174644,49.02431742983563,64.12515174355421
series_fold,global_lightgbm_recursive,F3,HOBBIES_TX_1,,28,0.7568084192230291,0.13524816582612012,38.850035633553,54.264674197352576
series_fold,global_lightgbm_recursive,F3,HOBBIES_TX_2,,28,0.5920736536842428,0.10720765022152307,40.76953784138492,52.951629994792945
series_fold,global_lightgbm_recursive,F3,HOBBIES_TX_3,,28,0.7159190830587917,0.10180012680202571,41.3344872004368,51.69445869651804
series_fold,global_lightgbm_recursive,F3,HOBBIES_WI_1,,28,0.43643334503469716,0.10098280373149851,42.09900956992079,55.365509696907196
series_fold,global_lightgbm_recursive,F3,HOBBIES_WI_2,,28,0.8217742441882167,0.13526873877530127,39.30039964060985,51.54118965589677
series_fold,global_lightgbm_recursive,F3,HOBBIES_WI_3,,28,0.7818663633713108,0.16871201654074236,47.293593493867384,58.38815198474738
series_fold,global_lightgbm_recursive,F3,HOUSEHOLD_CA_1,,28,0.39857511206821616,0.05721230792364401,57.69043935414875,75.99869982347656
series_fold,global_lightgbm_recursive,F3,HOUSEHOLD_CA_2,,28,0.6773888634882084,0.11387373719766943,128.7342599019653,174.95158406460885
series_fold,global_lightgbm_recursive,F3,HOUSEHOLD_CA_3,,28,0.3872428702275535,0.04508792089211571,80.33379276663815,104.73562816504297
series_fold,global_lightgbm_recursive,F3,HOUSEHOLD_CA_4,,28,0.9494359734554731,0.08257960704752389,45.843478998096835,63.70152288334185
series_fold,global_lightgbm_recursive,F3,HOUSEHOLD_TX_1,,28,0.5440642432664832,0.07647692776022993,71.01155874422207,89.39252152205961
series_fold,global_lightgbm_recursive,F3,HOUSEHOLD_TX_2,,28,0.45173035655955984,0.0723281304843674,71.32586924765545,86.46815159479246
series_fold,global_lightgbm_recursive,F3,HOUSEHOLD_TX_3,,28,0.5895081582928626,0.07646549737095888,72.10696402081422,89.39912556242273
series_fold,global_lightgbm_recursive,F3,HOUSEHOLD_WI_1,,28,0.6324116499716518,0.09854846171844811,76.56863516731566,100.8698707293286
series_fold,global_lightgbm_recursive,F3,HOUSEHOLD_WI_2,,28,1.100374771994858,0.12440980264688778,140.51642888242236,202.8724071069362
series_fold,global_lightgbm_recursive,F3,HOUSEHOLD_WI_3,,28,0.6481452134326836,0.09345975136690621,77.45476894532352,100.05574376883811
series_fold,global_lightgbm_recursive,F4,FOODS_CA_1,,28,0.5136563681412031,0.07616113408380654,247.06943900837138,317.63397989019774
series_fold,global_lightgbm_recursive,F4,FOODS_CA_2,,28,0.7227010055466133,0.07943610601178504,247.4377962191381,321.8638063853152
series_fold,global_lightgbm_recursive,F4,FOODS_CA_3,,28,0.38297703330547433,0.050341911531957544,197.5380650005777,250.48493187597447
series_fold,global_lightgbm_recursive,F4,FOODS_CA_4,,28,0.903345664346456,0.08960163018082094,165.25100651919976,208.88998375273897
series_fold,global_lightgbm_recursive,F4,FOODS_TX_1,,28,0.5710680290064104,0.08828425101863069,196.5743439198761,241.16468705401195
series_fold,global_lightgbm_recursive,F4,FOODS_TX_2,,28,0.3968776185895861,0.07105047672421226,193.45522301787477,217.81642468846158
series_fold,global_lightgbm_recursive,F4,FOODS_TX_3,,28,1.0055072999373753,0.14157167589210096,389.8378340940274,416.8916455493681
series_fold,global_lightgbm_recursive,F4,FOODS_WI_1,,28,0.6242442584301425,0.08668867120212004,244.37846014274788,295.73384309372346
series_fold,global_lightgbm_recursive,F4,FOODS_WI_2,,28,0.7802435865968506,0.08272123289387934,337.18651692418325,465.50181809400704
series_fold,global_lightgbm_recursive,F4,FOODS_WI_3,,28,0.35352804337787913,0.04637971813161703,139.43068405167838,199.85877604863026
series_fold,global_lightgbm_recursive,F4,HOBBIES_CA_1,,28,0.6088219019953228,0.10909987848640502,60.02441528868105,76.48295123422174
series_fold,global_lightgbm_recursive,F4,HOBBIES_CA_2,,28,0.7904855191498539,0.1394440269993901,62.53566596540505,84.66791848869616
series_fold,global_lightgbm_recursive,F4,HOBBIES_CA_3,,28,0.5482169454501649,0.09194644096107595,54.72783518061756,66.34885988409349
series_fold,global_lightgbm_recursive,F4,HOBBIES_CA_4,,28,0.9516941004854511,0.1497714026403332,59.24528770158323,74.88582315861673
series_fold,global_lightgbm_recursive,F4,HOBBIES_TX_1,,28,0.7545678012129041,0.11758156858315327,35.06030414645524,54.37137473490685
series_fold,global_lightgbm_recursive,F4,HOBBIES_TX_2,,28,0.76784313297678,0.13173157430245597,55.600133753800876,68.48392258420107
series_fold,global_lightgbm_recursive,F4,HOBBIES_TX_3,,28,0.8402690710850135,0.11724078900944283,48.67167612306298,60.85273810811883
series_fold,global_lightgbm_recursive,F4,HOBBIES_WI_1,,28,0.47210874094628863,0.10688064330181364,45.84034447898143,59.80318049766109
series_fold,global_lightgbm_recursive,F4,HOBBIES_WI_2,,28,0.8482649134243174,0.1421640056105432,42.669510826821615,53.175795301503385
series_fold,global_lightgbm_recursive,F4,HOBBIES_WI_3,,28,0.781067508215735,0.15441454869484725,43.8316726080945,58.40470044392294
series_fold,global_lightgbm_recursive,F4,HOUSEHOLD_CA_1,,28,0.3409582539769952,0.05132468344913652,50.94708042090359,65.15190136143335
series_fold,global_lightgbm_recursive,F4,HOUSEHOLD_CA_2,,28,0.6640972733592536,0.10147406909459497,120.11992929072679,172.59472032414712
series_fold,global_lightgbm_recursive,F4,HOUSEHOLD_CA_3,,28,0.41502308877289673,0.05012305362149475,87.40028464342356,112.65979184264219
series_fold,global_lightgbm_recursive,F4,HOUSEHOLD_CA_4,,28,0.9272993410172478,0.09688537029448206,55.85441597476891,62.72805438477165
series_fold,global_lightgbm_recursive,F4,HOUSEHOLD_TX_1,,28,0.7995911704049153,0.09560313523908388,91.63219072897479,131.52685197679972
series_fold,global_lightgbm_recursive,F4,HOUSEHOLD_TX_2,,28,0.4839535516128619,0.07327577421451727,71.18741464940352,92.6812916602184
series_fold,global_lightgbm_recursive,F4,HOUSEHOLD_TX_3,,28,0.8360068386091274,0.0979860004531222,97.58005845124498,126.7212486498016
series_fold,global_lightgbm_recursive,F4,HOUSEHOLD_WI_1,,28,0.5388060480202376,0.08695664106395319,66.77648914846863,86.33863397503458
series_fold,global_lightgbm_recursive,F4,HOUSEHOLD_WI_2,,28,0.9052568371706251,0.09881217328518284,110.94842556831655,168.68542591440874
series_fold,global_lightgbm_recursive,F4,HOUSEHOLD_WI_3,,28,0.5354427075771613,0.08095670129968836,65.49108004068718,82.7717972748271
series_fold,holt_winters_add_damped_7,F1,FOODS_CA_1,,28,0.4353680939007424,0.07224844338512507,207.52591271912334,269.0661258274472
series_fold,holt_winters_add_damped_7,F1,FOODS_CA_2,,28,0.6470775884841711,0.0840191355211196,231.7877901188887,277.26640962783324
series_fold,holt_winters_add_damped_7,F1,FOODS_CA_3,,28,0.6459110970637264,0.08087237104012648,333.37035492223,422.8078593037859
series_fold,holt_winters_add_damped_7,F1,FOODS_CA_4,,28,0.6342392979136597,0.06703816369731273,107.5794931932626,146.7823556665626
series_fold,holt_winters_add_damped_7,F1,FOODS_TX_1,,28,0.7982808443525523,0.14762692013141984,295.1009409527036,339.28258843487566
series_fold,holt_winters_add_damped_7,F1,FOODS_TX_2,,28,0.9280482870278538,0.15946763917252474,437.5564207980975,512.5768451958171
series_fold,holt_winters_add_damped_7,F1,FOODS_TX_3,,28,0.8081358390441467,0.10469938281347864,262.7991901255033,336.6977384056976
series_fold,holt_winters_add_damped_7,F1,FOODS_WI_1,,28,0.6134527268802641,0.09353395611762289,246.3550784200876,283.1181503996931
series_fold,holt_winters_add_damped_7,F1,FOODS_WI_2,,28,1.5867431701654942,0.19048380344416996,711.1372651939079,936.3496182804222
series_fold,holt_winters_add_damped_7,F1,FOODS_WI_3,,28,1.0463359791066682,0.15675370438066893,454.94963523196645,589.4197710966343
series_fold,holt_winters_add_damped_7,F1,HOBBIES_CA_1,,28,0.5511747849145228,0.10276260492112588,54.54859274795336,68.84679484038602
series_fold,holt_winters_add_damped_7,F1,HOBBIES_CA_2,,28,0.6387978963673664,0.13645880081123038,53.769641048225175,67.89716235088902
series_fold,holt_winters_add_damped_7,F1,HOBBIES_CA_3,,28,0.7526435960947221,0.13260166543625818,78.4149420104844,90.66617167154216
series_fold,holt_winters_add_damped_7,F1,HOBBIES_CA_4,,28,0.87839976659642,0.14816818866924933,56.589664629605444,68.66178530394797
series_fold,holt_winters_add_damped_7,F1,HOBBIES_TX_1,,28,0.7153184155679527,0.13006853446126554,37.176374331911006,50.9266471105637
series_fold,holt_winters_add_damped_7,F1,HOBBIES_TX_2,,28,0.5087202124722278,0.09282474643731982,34.70319448949514,45.76031966222893
series_fold,holt_winters_add_damped_7,F1,HOBBIES_TX_3,,28,0.6540653732502618,0.0923174949705461,37.194059312954664,47.08247108167389
series_fold,holt_winters_add_damped_7,F1,HOBBIES_WI_1,,28,0.4565948734097138,0.10858956613084288,43.76159515072968,57.22640257354649
series_fold,holt_winters_add_damped_7,F1,HOBBIES_WI_2,,28,0.9591592106857931,0.1789276560832906,50.59818503098196,60.13133560399321
series_fold,holt_winters_add_damped_7,F1,HOBBIES_WI_3,,28,0.5063496405265557,0.12265980698600493,32.36466621473587,37.952101908572914
series_fold,holt_winters_add_damped_7,F1,HOUSEHOLD_CA_1,,28,0.5035603208979345,0.06947236496897051,68.40050562373497,94.78444199191766
series_fold,holt_winters_add_damped_7,F1,HOUSEHOLD_CA_2,,28,0.5586707677714567,0.09140591791960812,96.05129724816534,142.67326266927066
series_fold,holt_winters_add_damped_7,F1,HOUSEHOLD_CA_3,,28,0.5196556750581028,0.0590930910035549,100.35695226432294,139.9843744074352
series_fold,holt_winters_add_damped_7,F1,HOUSEHOLD_CA_4,,28,0.6282172936683308,0.06987167155116347,34.324458649509054,41.91946906799766
series_fold,holt_winters_add_damped_7,F1,HOUSEHOLD_TX_1,,28,0.7348016548204309,0.09965157364757252,95.08183719887668,120.22404562582372
series_fold,holt_winters_add_damped_7,F1,HOUSEHOLD_TX_2,,28,0.620769731144189,0.08746265623826965,94.98444467476085,118.62284576504327
series_fold,holt_winters_add_damped_7,F1,HOUSEHOLD_TX_3,,28,1.0892357141602982,0.13886304006856856,139.81028437760773,165.00348154902204
series_fold,holt_winters_add_damped_7,F1,HOUSEHOLD_WI_1,,28,0.5826811166583186,0.09727575815442856,73.43972327237375,91.15313654713015
series_fold,holt_winters_add_damped_7,F1,HOUSEHOLD_WI_2,,28,1.077624720867635,0.09514859720498366,126.65637553657682,196.71100082112278
series_fold,holt_winters_add_damped_7,F1,HOUSEHOLD_WI_3,,28,0.7313093790233235,0.10252224241695672,86.05277647440417,112.11179212533617
series_fold,holt_winters_add_damped_7,F2,FOODS_CA_1,,28,0.48065080774814994,0.07167373226791963,213.6773143237354,296.8180117686617
series_fold,holt_winters_add_damped_7,F2,FOODS_CA_2,,28,1.4105023215031853,0.12518526202858862,340.15518234496716,612.1870598945745
series_fold,holt_winters_add_damped_7,F2,FOODS_CA_3,,28,0.42941833705527194,0.05065646614044474,208.74806032675272,280.751611367732
series_fold,holt_winters_add_damped_7,F2,FOODS_CA_4,,28,0.6721190745805706,0.06837067828689658,117.59756665346211,155.8470310042974
series_fold,holt_winters_add_damped_7,F2,FOODS_TX_1,,28,0.7385681762178506,0.12349955934097559,254.2547177932335,313.0171263910049
series_fold,holt_winters_add_damped_7,F2,FOODS_TX_2,,28,0.5165823213690894,0.0824106936569938,226.02898678866057,284.80823790386233
series_fold,holt_winters_add_damped_7,F2,FOODS_TX_3,,28,0.8754857135288143,0.11997549684159683,302.6081969087176,364.8918650050626
series_fold,holt_winters_add_damped_7,F2,FOODS_WI_1,,28,0.779809552656831,0.0956157457535422,254.60765670136976,362.13076128212657
series_fold,holt_winters_add_damped_7,F2,FOODS_WI_2,,28,1.8342266465750356,0.2247354107398566,863.232791445797,1084.5637382632642
series_fold,holt_winters_add_damped_7,F2,FOODS_WI_3,,28,0.8604556023965352,0.14018283893492212,403.7566153123475,485.4454562573925
series_fold,holt_winters_add_damped_7,F2,HOBBIES_CA_1,,28,0.7419777046148716,0.13976917049500434,70.5934146121554,92.53487953180449
series_fold,holt_winters_add_damped_7,F2,HOBBIES_CA_2,,28,0.7903638361982585,0.16264450504125558,63.54172288022482,84.29271048502585
series_fold,holt_winters_add_damped_7,F2,HOBBIES_CA_3,,28,0.4284931440252268,0.07419580058929663,43.09451089227611,51.72016928409538
series_fold,holt_winters_add_damped_7,F2,HOBBIES_CA_4,,28,0.8609266075724216,0.13669367437724797,49.81508047662279,67.58997986123443
series_fold,holt_winters_add_damped_7,F2,HOBBIES_TX_1,,28,0.5614849775356441,0.12182464515190884,33.07974203892725,40.19918418567223
series_fold,holt_winters_add_damped_7,F2,HOBBIES_TX_2,,28,0.6476089916635227,0.12391816614780418,45.08850988263675,58.00821935818481
series_fold,holt_winters_add_damped_7,F2,HOBBIES_TX_3,,28,0.8014504303263104,0.12288091597841365,45.3869440374555,57.72800511899527
series_fold,holt_winters_add_damped_7,F2,HOBBIES_WI_1,,28,0.6621117091837613,0.17017486773139084,68.9815981696888,83.26458141578102
series_fold,holt_winters_add_damped_7,F2,HOBBIES_WI_2,,28,0.7120369477247251,0.13114265278688583,36.228157832377214,44.63508712265809
series_fold,holt_winters_add_damped_7,F2,HOBBIES_WI_3,,28,0.5378995919285743,0.1321787816649811,33.84248877700891,40.26904807187262
series_fold,holt_winters_add_damped_7,F2,HOUSEHOLD_CA_1,,28,0.5736275074848944,0.07466688624820353,73.67755000541483,108.40583344375959
series_fold,holt_winters_add_damped_7,F2,HOUSEHOLD_CA_2,,28,0.9387464902193365,0.13906110289641163,140.45171392537574,240.9924918840872
series_fold,holt_winters_add_damped_7,F2,HOUSEHOLD_CA_3,,28,0.4623006418732939,0.05310325840316466,93.57173439626207,124.53627154671216
series_fold,holt_winters_add_damped_7,F2,HOUSEHOLD_CA_4,,28,0.6441358113552421,0.06595679725774298,34.184465778727365,43.01711238353937
series_fold,holt_winters_add_damped_7,F2,HOUSEHOLD_TX_1,,28,0.47498539798553546,0.06331356369894969,61.988501258678816,77.77814859554216
series_fold,holt_winters_add_damped_7,F2,HOUSEHOLD_TX_2,,28,0.6040288991105406,0.08501004649295543,88.67762278450866,115.6111493474517
series_fold,holt_winters_add_damped_7,F2,HOUSEHOLD_TX_3,,28,0.7262373155375217,0.07651934779749049,73.94775114472483,110.09002665436357
series_fold,holt_winters_add_damped_7,F2,HOUSEHOLD_WI_1,,28,0.7191891597719826,0.12112381796729849,88.77078101810471,113.54401839982768
series_fold,holt_winters_add_damped_7,F2,HOUSEHOLD_WI_2,,28,1.2300111228707926,0.16339008860817067,189.54417350609285,226.18362154138347
series_fold,holt_winters_add_damped_7,F2,HOUSEHOLD_WI_3,,28,0.733620533879277,0.10945858664177308,89.00546788071033,113.0185819672491
series_fold,holt_winters_add_damped_7,F3,FOODS_CA_1,,28,0.3586709851274146,0.06200811473903009,187.50368066872142,221.96829343994662
series_fold,holt_winters_add_damped_7,F3,FOODS_CA_2,,28,0.5788731335489294,0.06448913347924985,188.23917425925325,254.87555682534472
series_fold,holt_winters_add_damped_7,F3,FOODS_CA_3,,28,0.6524317611506047,0.08826401844679353,350.04564030086385,426.5934710701577
series_fold,holt_winters_add_damped_7,F3,FOODS_CA_4,,28,0.5114348183935735,0.05091612093555414,87.92304869124924,118.52061140699611
series_fold,holt_winters_add_damped_7,F3,FOODS_TX_1,,28,0.5644594026246461,0.09203193041063949,193.05012145494644,238.65537756613895
series_fold,holt_winters_add_damped_7,F3,FOODS_TX_2,,28,0.6417049904187565,0.11808379429337823,302.9945816000733,352.97750782526737
series_fold,holt_winters_add_damped_7,F3,FOODS_TX_3,,28,0.6157340640753175,0.08081733386596061,198.14389830586896,255.83075391685145
series_fold,holt_winters_add_damped_7,F3,FOODS_WI_1,,28,0.534875984908298,0.07162597424575304,188.92118128469997,251.94502573168404
series_fold,holt_winters_add_damped_7,F3,FOODS_WI_2,,28,1.9789880346913176,0.23407477825277215,930.4472435547693,1175.7236585901599
series_fold,holt_winters_add_damped_7,F3,FOODS_WI_3,,28,0.7297444109569153,0.11128858576642763,320.9721797197725,411.99333281135665
series_fold,holt_winters_add_damped_7,F3,HOBBIES_CA_1,,28,0.781289881174287,0.13966384142227045,75.08427874747989,97.99580225131811
series_fold,holt_winters_add_damped_7,F3,HOBBIES_CA_2,,28,0.6690414420402233,0.13820557569729575,57.48858357665727,71.43838864580906
series_fold,holt_winters_add_damped_7,F3,HOBBIES_CA_3,,28,0.5801653962142193,0.09684292558695724,55.473702981757405,70.00889913761418
series_fold,holt_winters_add_damped_7,F3,HOBBIES_CA_4,,28,0.7477995436794658,0.1176363855355943,43.3490080698665,58.905036494430476
series_fold,holt_winters_add_damped_7,F3,HOBBIES_TX_1,,28,0.7308636243407671,0.13191488283866415,37.89255009540627,52.40438062021653
series_fold,holt_winters_add_damped_7,F3,HOBBIES_TX_2,,28,0.5076813482964398,0.09540139640553398,36.279788175933064,45.404072184214016
series_fold,holt_winters_add_damped_7,F3,HOBBIES_TX_3,,28,0.7397908753002241,0.10391690018662837,42.19397279363493,53.41817218207581
series_fold,holt_winters_add_damped_7,F3,HOBBIES_WI_1,,28,0.4415748337864199,0.10194656110255323,42.500793133932284,56.017753959584724
series_fold,holt_winters_add_damped_7,F3,HOBBIES_WI_2,,28,0.8097485238714424,0.1320862333786432,38.37576816197366,50.78694366196456
series_fold,holt_winters_add_damped_7,F3,HOBBIES_WI_3,,28,0.7745168310947985,0.16915358237569975,47.417373859530976,57.839304217812554
series_fold,holt_winters_add_damped_7,F3,HOUSEHOLD_CA_1,,28,0.4538841674540226,0.060757070483125605,61.26482600073458,86.54480812405336
series_fold,holt_winters_add_damped_7,F3,HOUSEHOLD_CA_2,,28,0.6500187263554389,0.11858715490898819,134.06277862461116,167.8826032981027
series_fold,holt_winters_add_damped_7,F3,HOUSEHOLD_CA_3,,28,0.5440930854348511,0.06698079772812214,119.3406441807342,147.15811565436746
series_fold,holt_winters_add_damped_7,F3,HOUSEHOLD_CA_4,,28,0.9851117176971491,0.08274693630573986,45.936370640586446,66.09515373547846
series_fold,holt_winters_add_damped_7,F3,HOUSEHOLD_TX_1,,28,0.5201979894947683,0.07382727850690138,68.55126478217603,85.47117467682318
series_fold,holt_winters_add_damped_7,F3,HOUSEHOLD_TX_2,,28,0.456308833564017,0.06848420738544035,67.5352119402421,87.34454264964616
series_fold,holt_winters_add_damped_7,F3,HOUSEHOLD_TX_3,,28,0.8030642160851095,0.10228775049308546,96.45734871497959,121.78497901773736
series_fold,holt_winters_add_damped_7,F3,HOUSEHOLD_WI_1,,28,0.6502078164249537,0.10202795382335339,79.2720762652519,103.70836526007079
series_fold,holt_winters_add_damped_7,F3,HOUSEHOLD_WI_2,,28,1.4647812774341895,0.16634594569473174,187.88180473556756,270.05681264349784
series_fold,holt_winters_add_damped_7,F3,HOUSEHOLD_WI_3,,28,0.7836355656884149,0.11425782791219727,94.69117488223348,120.9717170530519
series_fold,holt_winters_add_damped_7,F4,FOODS_CA_1,,28,0.46693625221332624,0.07450496400054005,241.69676410932334,288.7432714642419
series_fold,holt_winters_add_damped_7,F4,FOODS_CA_2,,28,0.6955803831586411,0.08201894564799529,255.4831571973876,309.7853027076715
series_fold,holt_winters_add_damped_7,F4,FOODS_CA_3,,28,0.47013471782757843,0.062481904000347324,245.17452830422002,307.4901430803061
series_fold,holt_winters_add_damped_7,F4,FOODS_CA_4,,28,0.6466022670298623,0.060945086085653404,112.40015162368364,149.5205461046524
series_fold,holt_winters_add_damped_7,F4,FOODS_TX_1,,28,0.708071481665315,0.11605000451787417,258.3977689881023,299.021882882835
series_fold,holt_winters_add_damped_7,F4,FOODS_TX_2,,28,0.6193985543363641,0.10204398137983324,277.84389472984736,339.94151406725047
series_fold,holt_winters_add_damped_7,F4,FOODS_TX_3,,28,1.2918166375989868,0.16837271207035862,463.6383159303139,535.5978657044409
series_fold,holt_winters_add_damped_7,F4,FOODS_WI_1,,28,0.6359959749070875,0.08605489281596924,242.59181623724643,301.3011834893159
series_fold,holt_winters_add_damped_7,F4,FOODS_WI_2,,28,1.8968226803747301,0.2016684167024932,822.0364786966305,1131.6650613786007
series_fold,holt_winters_add_damped_7,F4,FOODS_WI_3,,28,0.9761272368402825,0.14250563943206973,428.4126680297822,551.8306071524431
series_fold,holt_winters_add_damped_7,F4,HOBBIES_CA_1,,28,0.6411879981947504,0.12520808700737304,68.88680644102078,80.54892610987916
series_fold,holt_winters_add_damped_7,F4,HOBBIES_CA_2,,28,0.7823123079615785,0.13366039673686736,59.94191435088726,83.79249602754338
series_fold,holt_winters_add_damped_7,F4,HOBBIES_CA_3,,28,0.48419757345710185,0.07727359048056776,45.99434496246936,58.60080981470445
series_fold,holt_winters_add_damped_7,F4,HOBBIES_CA_4,,28,0.8924947432528169,0.13926021067384334,55.08736047941032,70.22761145533362
series_fold,holt_winters_add_damped_7,F4,HOBBIES_TX_1,,28,0.7469998497360456,0.12286646726687292,36.6361476861115,53.82605604378003
series_fold,holt_winters_add_damped_7,F4,HOBBIES_TX_2,,28,0.7543137289383874,0.1288350331147478,54.37758647678891,67.27723515159538
series_fold,holt_winters_add_damped_7,F4,HOBBIES_TX_3,,28,0.7892819135934342,0.11696066477531265,48.555384548151224,57.16022073662252
series_fold,holt_winters_add_damped_7,F4,HOBBIES_WI_1,,28,0.45569365124934885,0.10728527789288668,46.013889364845575,57.72384053444895
series_fold,holt_winters_add_damped_7,F4,HOBBIES_WI_2,,28,0.7048831024421504,0.11027317948612009,33.09770715719119,44.1875161565275
series_fold,holt_winters_add_damped_7,F4,HOBBIES_WI_3,,28,0.8109002969653777,0.14899536701968547,42.293399181159295,60.63546164190183
series_fold,holt_winters_add_damped_7,F4,HOUSEHOLD_CA_1,,28,0.37834283783506795,0.04719125959442283,46.84406675597815,72.29552287975484
series_fold,holt_winters_add_damped_7,F4,HOUSEHOLD_CA_2,,28,0.5462269026265062,0.08853913745179455,104.80820395856179,141.9609495088937
series_fold,holt_winters_add_damped_7,F4,HOUSEHOLD_CA_3,,28,0.47474541071788395,0.05788917352341284,100.94217886096817,128.8716714722194
series_fold,holt_winters_add_damped_7,F4,HOUSEHOLD_CA_4,,28,0.8240601034262077,0.0792722305576996,45.70044091651381,55.74433701994645
series_fold,holt_winters_add_damped_7,F4,HOUSEHOLD_TX_1,,28,0.8121926114960819,0.09743888758127345,93.39169378637985,133.59969612320631
series_fold,holt_winters_add_damped_7,F4,HOUSEHOLD_TX_2,,28,0.5503940663570942,0.08360427866065365,81.22155671882501,105.40522498923994
series_fold,holt_winters_add_damped_7,F4,HOUSEHOLD_TX_3,,28,0.8909938255813559,0.10384015679820313,103.40996186289628,135.05613220195522
series_fold,holt_winters_add_damped_7,F4,HOUSEHOLD_WI_1,,28,0.5769878273299559,0.08933353485761096,68.60177380386968,92.45690729518392
series_fold,holt_winters_add_damped_7,F4,HOUSEHOLD_WI_2,,28,0.9221262744093522,0.11336941124037718,127.29360428522207,171.82887436871158
series_fold,holt_winters_add_damped_7,F4,HOUSEHOLD_WI_3,,28,0.6324381676238371,0.0977681741907606,79.09096119981851,97.76591044874696
series_fold,seasonal_naive_7,F1,FOODS_CA_1,,28,0.706515795766388,0.1303169333681475,374.32142857142856,436.64078894604955
series_fold,seasonal_naive_7,F1,FOODS_CA_2,,28,0.7591898271704981,0.08418667874943363,232.25,325.30540595393916
series_fold,seasonal_naive_7,F1,FOODS_CA_3,,28,0.745071692580322,0.09978253524055415,411.32142857142856,487.71753388323333
series_fold,seasonal_naive_7,F1,FOODS_CA_4,,28,0.7381444161354513,0.07533438675361093,120.89285714285714,170.82917532686605
series_fold,seasonal_naive_7,F1,FOODS_TX_1,,28,0.8676249909849675,0.1622090010898501,324.25,368.75499996610216
series_fold,seasonal_naive_7,F1,FOODS_TX_2,,28,1.0412885250164612,0.18599989587129692,510.35714285714283,575.1213536537931
series_fold,seasonal_naive_7,F1,FOODS_TX_3,,28,0.9103340185789996,0.11720095047025512,294.17857142857144,379.27708491663077
series_fold,seasonal_naive_7,F1,FOODS_WI_1,,28,0.7094596647855544,0.09464663448500299,249.28571428571428,327.42687296991545
series_fold,seasonal_naive_7,F1,FOODS_WI_2,,28,2.080264222470245,0.26870940277233024,1003.1785714285714,1227.5802708697186
series_fold,seasonal_naive_7,F1,FOODS_WI_3,,28,1.3464019530119455,0.209918168953424,609.25,758.4523009768926
series_fold,seasonal_naive_7,F1,HOBBIES_CA_1,,28,0.7046823827384924,0.12938168606607012,68.67857142857143,88.0213042393715
series_fold,seasonal_naive_7,F1,HOBBIES_CA_2,,28,0.7937888759657394,0.17592676515906824,69.32142857142857,84.3709919682961
series_fold,seasonal_naive_7,F1,HOBBIES_CA_3,,28,0.9939822848734179,0.15907718323469017,94.07142857142857,119.73870361272976
series_fold,seasonal_naive_7,F1,HOBBIES_CA_4,,28,1.5101865801829704,0.25004675518982605,95.5,118.04660096758398
series_fold,seasonal_naive_7,F1,HOBBIES_TX_1,,28,0.7019765357425786,0.13507434711983007,38.607142857142854,49.9767803227516
series_fold,seasonal_naive_7,F1,HOBBIES_TX_2,,28,0.6696059555976407,0.12609858616736722,47.142857142857146,60.23228844588732
series_fold,seasonal_naive_7,F1,HOBBIES_TX_3,,28,1.0861070039444827,0.16053541352716957,64.67857142857143,78.18270725861132
series_fold,seasonal_naive_7,F1,HOBBIES_WI_1,,28,0.570693445890098,0.14799716412619637,59.642857142857146,71.52671828464821
series_fold,seasonal_naive_7,F1,HOBBIES_WI_2,,28,0.8970970887764803,0.14246021722657237,40.285714285714285,56.24055476255546
series_fold,seasonal_naive_7,F1,HOBBIES_WI_3,,28,0.5661909411799925,0.1280454791553871,33.785714285714285,42.43734877944864
series_fold,seasonal_naive_7,F1,HOUSEHOLD_CA_1,,28,0.777669611711459,0.11556877539175855,113.78571428571429,146.3796433934719
series_fold,seasonal_naive_7,F1,HOUSEHOLD_CA_2,,28,0.8282924533498599,0.1308160282771981,137.46428571428572,211.5292110864529
series_fold,seasonal_naive_7,F1,HOUSEHOLD_CA_3,,28,0.8483638782852228,0.10186742934051143,173.0,228.53149204681367
series_fold,seasonal_naive_7,F1,HOUSEHOLD_CA_4,,28,0.8320379605913618,0.08542348237004725,41.964285714285715,55.51994493616043
series_fold,seasonal_naive_7,F1,HOUSEHOLD_TX_1,,28,0.8593505388135301,0.12172480910315915,116.14285714285714,140.60202193222034
series_fold,seasonal_naive_7,F1,HOUSEHOLD_TX_2,,28,0.6529420224786022,0.09602736122073138,104.28571428571429,124.77064673116945
series_fold,seasonal_naive_7,F1,HOUSEHOLD_TX_3,,28,1.2419330637955075,0.15696498882622115,158.03571428571428,188.13492498736113
series_fold,seasonal_naive_7,F1,HOUSEHOLD_WI_1,,28,0.6335541895976273,0.10941861015185203,82.60714285714286,99.11158934684249
series_fold,seasonal_naive_7,F1,HOUSEHOLD_WI_2,,28,1.8756414090545939,0.19338913930027904,257.42857142857144,342.381992183334
series_fold,seasonal_naive_7,F1,HOUSEHOLD_WI_3,,28,0.9702706403131743,0.1327546591779423,111.42857142857143,148.7452280146925
series_fold,seasonal_naive_7,F2,FOODS_CA_1,,28,0.5994946876928922,0.10516921233902365,313.5357142857143,370.20809785077057
series_fold,seasonal_naive_7,F2,FOODS_CA_2,,28,1.53496351440905,0.1293867143345338,351.57142857142856,666.2057811646059
series_fold,seasonal_naive_7,F2,FOODS_CA_3,,28,0.48837384786684485,0.061568328364417946,253.71428571428572,319.2964363811696
series_fold,seasonal_naive_7,F2,FOODS_CA_4,,28,0.880307693783449,0.0986295681063123,169.64285714285714,204.12058760868362
series_fold,seasonal_naive_7,F2,FOODS_TX_1,,28,0.7799633008375563,0.12953421805880821,266.67857142857144,330.56104904065324
series_fold,seasonal_naive_7,F2,FOODS_TX_2,,28,0.5680694257193847,0.08940569821344861,245.21428571428572,313.1947135113052
series_fold,seasonal_naive_7,F2,FOODS_TX_3,,28,1.0373147886377796,0.13600385143650084,343.0357142857143,432.3402677785833
series_fold,seasonal_naive_7,F2,FOODS_WI_1,,28,0.9063483664893682,0.11050309151142049,294.25,420.8933102003744
series_fold,seasonal_naive_7,F2,FOODS_WI_2,,28,1.8635527262987703,0.2319364766482878,890.8928571428571,1101.9040177282748
series_fold,seasonal_naive_7,F2,FOODS_WI_3,,28,1.0290195857331441,0.1617687176053369,465.92857142857144,580.544633450841
series_fold,seasonal_naive_7,F2,HOBBIES_CA_1,,28,0.9227433490946654,0.15768632442370245,79.64285714285714,115.07885495234498
series_fold,seasonal_naive_7,F2,HOBBIES_CA_2,,28,0.8865995095296095,0.18383764512295456,71.82142857142857,94.55629464579742
series_fold,seasonal_naive_7,F2,HOBBIES_CA_3,,28,0.8302172093075586,0.12783619258439402,74.25,100.20924536759499
series_fold,seasonal_naive_7,F2,HOBBIES_CA_4,,28,1.1166312700282677,0.17130537044296354,62.42857142857143,87.66494657012493
series_fold,seasonal_naive_7,F2,HOBBIES_TX_1,,28,0.7257331002825603,0.1484940155201894,40.32142857142857,51.95843118713816
series_fold,seasonal_naive_7,F2,HOBBIES_TX_2,,28,0.9112348191147213,0.17805261091480173,64.78571428571429,81.62195082906838
series_fold,seasonal_naive_7,F2,HOBBIES_TX_3,,28,0.8841066760052183,0.13788435505704894,50.92857142857143,63.68168608679534
series_fold,seasonal_naive_7,F2,HOBBIES_WI_1,,28,0.7785904869428072,0.20422907488986783,82.78571428571429,97.91249737830786
series_fold,seasonal_naive_7,F2,HOBBIES_WI_2,,28,0.908341993511443,0.1627666451195863,44.964285714285715,56.94075868830692
series_fold,seasonal_naive_7,F2,HOBBIES_WI_3,,28,0.5855584130839164,0.13125958990096248,33.607142857142854,43.8369544041163
series_fold,seasonal_naive_7,F2,HOUSEHOLD_CA_1,,28,0.6971479016116999,0.08190669224365703,80.82142857142857,131.7490851147416
series_fold,seasonal_naive_7,F2,HOUSEHOLD_CA_2,,28,1.0124911631145979,0.128995756718529,130.28571428571428,259.9240273618428
series_fold,seasonal_naive_7,F2,HOUSEHOLD_CA_3,,28,0.4889536006531726,0.06218330698447444,109.57142857142857,131.7161450132172
series_fold,seasonal_naive_7,F2,HOUSEHOLD_CA_4,,28,0.7333957409519598,0.07166482910694598,37.142857142857146,48.978129229862816
series_fold,seasonal_naive_7,F2,HOUSEHOLD_TX_1,,28,0.5904417132082381,0.07944845699277742,77.78571428571429,96.68394755224733
series_fold,seasonal_naive_7,F2,HOUSEHOLD_TX_2,,28,0.6501665491329508,0.08175842235004109,85.28571428571429,124.4418969410452
series_fold,seasonal_naive_7,F2,HOUSEHOLD_TX_3,,28,0.945327062759604,0.11888835507594515,114.89285714285714,143.30175455012008
series_fold,seasonal_naive_7,F2,HOUSEHOLD_WI_1,,28,0.6773194795742451,0.10511183665513377,77.03571428571429,106.9337244678751
series_fold,seasonal_naive_7,F2,HOUSEHOLD_WI_2,,28,1.3301048235717166,0.17381934609937813,201.64285714285714,244.58959795660041
series_fold,seasonal_naive_7,F2,HOUSEHOLD_WI_3,,28,0.7982172575281468,0.10910049191848208,88.71428571428571,122.9700892784211
series_fold,seasonal_naive_7,F3,FOODS_CA_1,,28,0.6788513242665489,0.11371474464969056,343.85714285714283,420.11614040473546
series_fold,seasonal_naive_7,F3,FOODS_CA_2,,28,0.7916721870608,0.08922060442921816,260.42857142857144,348.5701405128426
series_fold,seasonal_naive_7,F3,FOODS_CA_3,,28,0.7032833676604896,0.09510558782475573,377.17857142857144,459.842869125655
series_fold,seasonal_naive_7,F3,FOODS_CA_4,,28,0.849245338757641,0.0979297222394573,169.10714285714286,196.80528811129906
series_fold,seasonal_naive_7,F3,FOODS_TX_1,,28,0.7271233344160792,0.12578744849661183,263.85714285714283,307.430247605627
series_fold,seasonal_naive_7,F3,FOODS_TX_2,,28,0.6808338598142417,0.11649917879909807,298.92857142857144,374.5008106037384
series_fold,seasonal_naive_7,F3,FOODS_TX_3,,28,0.7175782037370536,0.10268175792801061,251.75,298.14587752594247
series_fold,seasonal_naive_7,F3,FOODS_WI_1,,28,1.2615688309063362,0.1737099373078954,458.17857142857144,594.2424048435838
series_fold,seasonal_naive_7,F3,FOODS_WI_2,,28,1.8943944494483775,0.2227672955974843,885.5,1125.466316053674
series_fold,seasonal_naive_7,F3,FOODS_WI_3,,28,0.8903654409582288,0.1425033434048244,411.0,502.6754846390889
series_fold,seasonal_naive_7,F3,HOBBIES_CA_1,,28,1.1692166873916563,0.19019464558559757,102.25,146.65277261029098
series_fold,seasonal_naive_7,F3,HOBBIES_CA_2,,28,0.7119492862150051,0.14432901176268567,60.035714285714285,76.01996918103634
series_fold,seasonal_naive_7,F3,HOBBIES_CA_3,,28,0.6703768886625106,0.106303385497849,60.892857142857146,80.89477291960392
series_fold,seasonal_naive_7,F3,HOBBIES_CA_4,,28,0.9987240632418056,0.1550688117852297,57.142857142857146,78.67065163433838
series_fold,seasonal_naive_7,F3,HOBBIES_TX_1,,28,0.8403630099809619,0.1689668034315554,48.535714285714285,60.25570512407933
series_fold,seasonal_naive_7,F3,HOBBIES_TX_2,,28,0.9312171055298414,0.1758076634109692,66.85714285714286,83.28265125462805
series_fold,seasonal_naive_7,F3,HOBBIES_TX_3,,28,0.8991641319688882,0.1339607705163163,54.392857142857146,64.92605684271037
series_fold,seasonal_naive_7,F3,HOBBIES_WI_1,,28,1.0576543010379147,0.2723378737256918,113.53571428571429,134.17299600568984
series_fold,seasonal_naive_7,F3,HOBBIES_WI_2,,28,1.0195945469364713,0.1766441303011678,51.32142857142857,63.9483608636129
series_fold,seasonal_naive_7,F3,HOBBIES_WI_3,,28,1.0656780335632403,0.24652822015543382,69.10714285714286,79.58261655124727
series_fold,seasonal_naive_7,F3,HOUSEHOLD_CA_1,,28,0.9682824154381594,0.12297230289721613,124.0,184.62819781542424
series_fold,seasonal_naive_7,F3,HOUSEHOLD_CA_2,,28,0.41630584392610587,0.0785998609970304,88.85714285714286,107.52076211464596
series_fold,seasonal_naive_7,F3,HOUSEHOLD_CA_3,,28,0.6010223426185305,0.06939544579858883,123.64285714285714,162.55548503291334
series_fold,seasonal_naive_7,F3,HOUSEHOLD_CA_4,,28,1.1332421477727488,0.10177560473494596,56.5,76.03382705837485
series_fold,seasonal_naive_7,F3,HOUSEHOLD_TX_1,,28,0.5411364659691139,0.07396438324550944,68.67857142857143,88.9114728255021
series_fold,seasonal_naive_7,F3,HOUSEHOLD_TX_2,,28,0.7427730494204483,0.1258148631029987,124.07142857142857,142.1782080951327
series_fold,seasonal_naive_7,F3,HOUSEHOLD_TX_3,,28,1.1575107976910548,0.1414179669747008,133.35714285714286,175.53693140109942
series_fold,seasonal_naive_7,F3,HOUSEHOLD_WI_1,,28,1.110737850504998,0.17876350264307056,138.89285714285714,177.16306048383788
series_fold,seasonal_naive_7,F3,HOUSEHOLD_WI_2,,28,1.504921858530698,0.19272727272727272,217.67857142857142,277.4573969870999
series_fold,seasonal_naive_7,F3,HOUSEHOLD_WI_3,,28,0.8823895472413694,0.13932342167636286,115.46428571428571,136.21660796582142
series_fold,seasonal_naive_7,F4,FOODS_CA_1,,28,0.5131496668109697,0.08409939119042639,272.82142857142856,317.320646755207
series_fold,seasonal_naive_7,F4,FOODS_CA_2,,28,0.7157584687488378,0.08413400903483226,262.07142857142856,318.7718619953775
series_fold,seasonal_naive_7,F4,FOODS_CA_3,,28,0.5195665159387768,0.06946391189587695,272.57142857142856,339.82085616647237
series_fold,seasonal_naive_7,F4,FOODS_CA_4,,28,0.5744165722190426,0.058171959721146395,107.28571428571429,132.8282994804087
series_fold,seasonal_naive_7,F4,FOODS_TX_1,,28,0.816989275510743,0.13378779372844654,297.89285714285717,345.01837425190644
series_fold,seasonal_naive_7,F4,FOODS_TX_2,,28,0.6360575947497883,0.09913691335029776,269.92857142857144,349.0844146784966
series_fold,seasonal_naive_7,F4,FOODS_TX_3,,28,1.2825377139605054,0.1554045290653939,427.92857142857144,531.7507471953915
series_fold,seasonal_naive_7,F4,FOODS_WI_1,,28,0.6821171438756619,0.09168535340098564,258.4642857142857,323.15094880610474
series_fold,seasonal_naive_7,F4,FOODS_WI_2,,28,1.9431286414182292,0.2044369288461707,833.3214285714286,1159.2917018593723
series_fold,seasonal_naive_7,F4,FOODS_WI_3,,28,0.9757293006869702,0.14172685801178483,426.07142857142856,551.6056432944515
series_fold,seasonal_naive_7,F4,HOBBIES_CA_1,,28,0.7598238284985257,0.13807205452775073,75.96428571428571,95.45249379365931
series_fold,seasonal_naive_7,F4,HOBBIES_CA_2,,28,0.7806708819885677,0.13944413474556025,62.535714285714285,83.61668493787589
series_fold,seasonal_naive_7,F4,HOBBIES_CA_3,,28,0.6231549626241493,0.10980439217568702,65.35714285714286,75.41835699237005
series_fold,seasonal_naive_7,F4,HOBBIES_CA_4,,28,1.0384957355387725,0.1643192488262911,65.0,81.71597151108222
series_fold,seasonal_naive_7,F4,HOBBIES_TX_1,,28,0.9158714051507998,0.15151515151515152,45.17857142857143,65.9943179372285
series_fold,seasonal_naive_7,F4,HOBBIES_TX_2,,28,0.9091914529490706,0.1531562024031139,64.64285714285714,81.09077805591882
series_fold,seasonal_naive_7,F4,HOBBIES_TX_3,,28,1.0651155782627368,0.14349621472814866,59.57142857142857,77.13624310270757
series_fold,seasonal_naive_7,F4,HOBBIES_WI_1,,28,0.5161552831210038,0.12582229994171037,53.964285714285715,65.38266480606964
series_fold,seasonal_naive_7,F4,HOBBIES_WI_2,,28,0.8178792733167028,0.13184198000951927,39.57142857142857,51.27098873353513
series_fold,seasonal_naive_7,F4,HOBBIES_WI_3,,28,0.9155630302052321,0.20634121791645696,58.57142857142857,68.46166810705097
series_fold,seasonal_naive_7,F4,HOUSEHOLD_CA_1,,28,0.4539680670281312,0.06735266604303088,66.85714285714286,86.74634615606914
series_fold,seasonal_naive_7,F4,HOUSEHOLD_CA_2,,28,0.557467619625638,0.10212701764972092,120.89285714285714,144.8823414262168
series_fold,seasonal_naive_7,F4,HOUSEHOLD_CA_3,,28,0.5766508596771174,0.0696788464689497,121.5,156.53434128011654
series_fold,seasonal_naive_7,F4,HOUSEHOLD_CA_4,,28,1.215228781354506,0.10556312724569446,60.857142857142854,82.20531786760687
series_fold,seasonal_naive_7,F4,HOUSEHOLD_TX_1,,28,0.8483922206351967,0.10496702313969519,100.60714285714286,139.55426491921648
series_fold,seasonal_naive_7,F4,HOUSEHOLD_TX_2,,28,0.7746749464597944,0.1152856407617087,112.0,148.35695371058856
series_fold,seasonal_naive_7,F4,HOUSEHOLD_TX_3,,28,1.0403233376047014,0.13599196671926553,135.42857142857142,157.6913803242632
series_fold,seasonal_naive_7,F4,HOUSEHOLD_WI_1,,28,0.5864611621259176,0.08408520137661613,64.57142857142857,93.97492066655717
series_fold,seasonal_naive_7,F4,HOUSEHOLD_WI_2,,28,0.9924350388071421,0.11333057667228602,127.25,184.93019918723002
series_fold,seasonal_naive_7,F4,HOUSEHOLD_WI_3,,28,0.6390839566561828,0.09805306608979736,79.32142857142857,98.79325454127495
fold,global_lightgbm_recursive,F1,,,840,0.6445471459114096,0.08497922901409455,118.93733359112204,196.7633930882943
fold,global_lightgbm_recursive,F2,,,840,0.6863973858050311,0.09074673625442801,127.0526688887338,223.923031795238
fold,global_lightgbm_recursive,F3,,,840,0.6113762442747127,0.07891842360866697,111.20225959789528,173.12822679844703
fold,global_lightgbm_recursive,F4,,,840,0.6687974550913716,0.0837502154218395,122.81011946293654,192.6935186459104
fold,holt_winters_add_damped_7,F1,,,840,0.7270447689298278,0.11151818902527673,156.08138839877267,279.800949335308
fold,holt_winters_add_damped_7,F2,,,840,0.7483018458164354,0.10971134515050289,153.60463399656726,297.6922350045422
fold,holt_winters_add_damped_7,F3,,,840,0.7086897760442323,0.10359701625825911,145.97633567345025,282.9833270498364
fold,holt_winters_add_damped_7,F4,,,840,0.7359419793048836,0.10660825186157491,156.32881755478687,296.95700636678123
fold,seasonal_naive_7,F1,,,840,0.9306220656461222,0.14378208814052948,201.23809523809524,354.51280116587634
fold,seasonal_naive_7,F2,,,840,0.8720243352158445,0.12387814639812188,173.43928571428572,324.12188146994805
fold,seasonal_naive_7,F3,,,840,0.9205725570222438,0.13235599758707564,186.5,321.00157617177194
fold,seasonal_naive_7,F4,,,840,0.8228686105183137,0.11383998882902893,166.93333333333334,308.0907488448972
horizon_band,global_lightgbm_recursive,,,D01-D07,840,0.6512924967451664,0.08395545204491743,117.68695363116429,185.13218140166927
horizon_band,global_lightgbm_recursive,,,D08-D14,840,0.5760320188086695,0.07716881750146991,112.66775969910444,183.18275351580493
horizon_band,global_lightgbm_recursive,,,D15-D21,840,0.6289482588800169,0.08865364603210536,127.74895407177063,226.51331123371145
horizon_band,global_lightgbm_recursive,,,D22-D28,840,0.6269019642144045,0.08882387526953361,121.89871413864832,191.89425767404597
horizon_band,holt_winters_add_damped_7,,,D01-D07,840,0.7342360431333513,0.10716876479977992,150.22687802280007,273.39093714245644
horizon_band,holt_winters_add_damped_7,,,D08-D14,840,0.7010610762887547,0.11773042629637513,171.8883845664793,324.8337304513907
horizon_band,holt_winters_add_damped_7,,,D15-D21,840,0.704655355110165,0.1181063267395806,170.1899514068063,346.79701627058097
horizon_band,holt_winters_add_damped_7,,,D22-D28,840,0.6118938598508172,0.08721151000020191,119.6859616274914,186.1304316996001
horizon_band,seasonal_naive_7,,,D01-D07,840,0.8492559496376166,0.11978489911625877,167.91190476190476,298.71383423253894
horizon_band,seasonal_naive_7,,,D08-D14,840,0.8854492989446925,0.14533754507042485,212.1952380952381,367.6406468796605
horizon_band,seasonal_naive_7,,,D15-D21,840,0.8874867921458091,0.14244595520108128,205.26309523809525,393.1864682431528
horizon_band,seasonal_naive_7,,,D22-D28,840,0.7613549470072644,0.10401063163501292,142.7404761904762,222.95973371248644
overall,global_lightgbm_recursive,,,,3360,0.6527795577706311,0.08457969960808195,120.00059538517193,197.45982633848973
overall,holt_winters_add_damped_7,,,,3360,0.7299945925238448,0.10783702703910736,152.99779390589424,289.4703201752532
overall,seasonal_naive_7,,,,3360,0.8865218921006311,0.1282980832262632,182.02767857142857,327.37449567226014
