model_run,feature,gain_importance,split_importance,gain_share
full_history_d_1941,lag_1,141332477125.29688,2035,0.1475231125786647
full_history_d_1941,lag_7,214815948223.5,1633,0.2242253016295276
full_history_d_1941,lag_14,39343478668.90625,1303,0.04106679901862761
full_history_d_1941,lag_28,410755252487.09375,1831,0.4287471258372604
full_history_d_1941,rolling_mean_7,130888227551.80469,1216,0.13662138470288424
full_history_d_1941,rolling_mean_28,2797816593.5,1109,0.0029203663637158497
full_history_d_1941,snap,6346745296.0,715,0.0066247449974280075
full_history_d_1941,category,69706040.3984375,87,7.275929959109917e-05
full_history_d_1941,store,1732218508.0,949,0.0018080930240823717
full_history_d_1941,state,775095537.0,319,0.00080904621846188
full_history_d_1941,weekday,4642913261.1875,1325,0.004846281828881517
full_history_d_1941,month,2774862040.0,1862,0.002896406356440442
full_history_d_1941,event_type_1,1743791577.703125,568,0.001820173016589552
full_history_d_1941,event_type_2,17632778.109375,48,1.8405127844733366e-05
