fold_id,feature,gain_importance,split_importance,gain_share
F1,lag_1,141597041304.08203,2071,0.1601913413981247
F1,lag_7,185759940988.09766,1683,0.21015364340145992
F1,lag_14,30447445365.703125,1292,0.03444575586013667
F1,lag_28,350828488413.40625,1817,0.39689873207823756
F1,rolling_mean_7,155276207508.79688,1231,0.17566683412989262
F1,rolling_mean_28,2835419176.0,1124,0.0032077619493050182
F1,snap,6053852401.296875,716,0.006848834748654084
F1,category,56522133.203125,68,6.39445305714241e-05
F1,store,1521952790.296875,942,0.0017218132298308598
F1,state,707981638.3984375,299,0.000800952670308502
F1,weekday,4460888439.105469,1285,0.005046685271855966
F1,month,2744775858.1015625,1846,0.0031052154938904252
F1,event_type_1,1619017182.8984375,582,0.0018316239653493164
F1,event_type_2,14904090.703125,44,1.6861272382985057e-05
F2,lag_1,132014415944.99219,2103,0.14643586644974468
F2,lag_7,235687428336.39062,1740,0.26143427240652567
F2,lag_14,33321969589.007812,1278,0.03696211094560769
F2,lag_28,341881490698.6953,1791,0.3792291315704063
F2,rolling_mean_7,138434913375.29688,1158,0.15355774853750687
F2,rolling_mean_28,2835797310.1953125,1115,0.003145584012334969
F2,snap,6025503226.5,672,0.0066837381315682795
F2,category,58477325.1015625,75,6.486547478632043e-05
F2,store,1631909549.0,951,0.0018101817673836563
F2,state,675242032.0,304,0.0007490064725992307
F2,weekday,4478539308.8828125,1308,0.004967781582268729
F2,month,2828702257.0,1859,0.0031377138850104233
F2,event_type_1,1627591376.6015625,600,0.0018053918714308684
F2,event_type_2,14971395.3984375,46,1.6606892826351818e-05
F3,lag_1,147316671263.3047,2137,0.16020278854150016
F3,lag_7,197466480939.1953,1669,0.21473931374266672
F3,lag_14,38497748857.703125,1270,0.04186523267655893
F3,lag_28,349028078037.2969,1815,0.37955834123427756
F3,rolling_mean_7,166986620957.3047,1237,0.18159331253601538
F3,rolling_mean_28,2593422128.5742188,1088,0.0028202745371583324
F3,snap,6120644821.5,676,0.006656031253406672
F3,category,76026402.40625,94,8.267660111930123e-05
F3,store,1696505655.0,969,0.0018449027823989634
F3,state,721079134.0,294,0.0007841535315403561
F3,weekday,4596166372.1953125,1274,0.004998203279453072
F3,month,2688730461.0,1811,0.0029239197016527173
F3,event_type_1,1760899071.3984375,619,0.001914928834320171
F3,event_type_2,14640142.1015625,47,1.592074793165889e-05
F4,lag_1,131570995234.41406,2135,0.1402316731412794
F4,lag_7,223989372016.3047,1616,0.23873350161825854
F4,lag_14,30695322200.308594,1307,0.032715845784178174
F4,lag_28,384726692487.90625,1809,0.4100513771562477
F4,rolling_mean_7,146771181699.10156,1200,0.1564324138608041
F4,rolling_mean_28,2470126532.1992188,1130,0.0026327229330736276
F4,snap,6345291414.8984375,685,0.00676297104916527
F4,category,63130281.6015625,77,6.72858406147532e-05
F4,store,1741003846.0,922,0.001855605651040355
F4,state,769731959.0,315,0.0008203996655081271
F4,weekday,4604324161.5,1316,0.0049074043994392445
F4,month,2895713528.0,1869,0.003086324248332995
F4,event_type_1,1582450280.109375,573,0.0016866152760132093
F4,event_type_2,14879904.3984375,46,1.5859376044526476e-05
